{"cameraMode":{"drawMode":0,"name":"Shaded","section":"Shading Mode"},"sceneLighting":false,"audioPlay":false,"sceneViewState":{"m_AlwaysRefresh":false,"showFog":true,"showSkybox":true,"showFlares":true,"showImageEffects":true,"showParticleSystems":true,"showVisualEffectGraphs":true,"m_FxEnabled":true},"in2DMode":false,"pivot":{"x":125.14720153808594,"y":0.049999237060546878,"z":2.295499801635742},"rotation":{"x":-0.09153346717357636,"y":0.0561639741063118,"z":-0.0051444522105157379,"w":-0.9942960143089294},"size":29.330503463745118,"orthographic":false}