{"cameraMode":{"drawMode":0,"name":"Shaded","section":"Shading Mode"},"sceneLighting":false,"audioPlay":false,"sceneViewState":{"m_AlwaysRefresh":false,"showFog":true,"showSkybox":true,"showFlares":true,"showImageEffects":true,"showParticleSystems":true,"showVisualEffectGraphs":true,"m_FxEnabled":true},"in2DMode":false,"pivot":{"x":112.04714965820313,"y":1.809281587600708,"z":10.019525527954102},"rotation":{"x":0.07530425488948822,"y":-0.8623161911964417,"z":0.1340019255876541,"w":0.48401573300361636},"size":1.9787383079528809,"orthographic":false}