{"cameraMode":{"drawMode":0,"name":"Shaded","section":"Shading Mode"},"sceneLighting":false,"audioPlay":false,"sceneViewState":{"m_AlwaysRefresh":false,"showFog":true,"showSkybox":true,"showFlares":true,"showImageEffects":true,"showParticleSystems":true,"showVisualEffectGraphs":true,"m_FxEnabled":true},"in2DMode":false,"pivot":{"x":1.6607887744903565,"y":4.278149604797363,"z":6.042686939239502},"rotation":{"x":-0.042609211057424548,"y":-0.31724852323532107,"z":0.014483587816357613,"w":-0.9474957585334778},"size":9.385970115661621,"orthographic":false}