{"cameraMode":{"drawMode":0,"name":"Shaded","section":"Shading Mode"},"sceneLighting":false,"audioPlay":false,"sceneViewState":{"m_AlwaysRefresh":false,"showFog":true,"showSkybox":true,"showFlares":true,"showImageEffects":true,"showParticleSystems":true,"showVisualEffectGraphs":true,"m_FxEnabled":true},"in2DMode":false,"pivot":{"x":-1.3870705366134644,"y":-1.1173683404922486,"z":13.927165985107422},"rotation":{"x":0.06416615843772888,"y":-0.008073143661022187,"z":0.0004931302391923964,"w":0.9979512095451355},"size":8.732955932617188,"orthographic":false}